﻿<?xml version="1.0" encoding="utf-8"?>
<helpItems xmlns="http://msh" schema="maml">

<command:command xmlns:maml="http://schemas.microsoft.com/maml/2004/10" xmlns:command="http://schemas.microsoft.com/maml/dev/command/2004/10" xmlns:dev="http://schemas.microsoft.com/maml/dev/2004/10" xmlns:MSHelp="http://msdn.microsoft.com/mshelp">
<command:details><command:name>Get-BuildEnvironment</command:name>
<command:verb>Get</command:verb>
<command:noun>BuildEnvironment</command:noun>
<maml:description><maml:para>Retrieves all the stored settings in a buildenvironment.json file.
</maml:para>
</maml:description>
</command:details>
<maml:description><maml:para>Retrieves all the stored settings in a buildenvironment.json file.
</maml:para>
</maml:description>
<command:syntax><command:syntaxItem><maml:name>Get-BuildEnvironment</maml:name>
<command:parameter required="false" variableLength="true" globbing="false" pipelineInput="True (ByValue)" position="1" aliases="none"><maml:name>Path</maml:name>
<maml:Description><maml:para>Specifies the path to a buildenvironment.json file.
</maml:para>
</maml:Description>
<command:parameterValue required="true" variableLength="false">String</command:parameterValue>
<dev:type><maml:name>String</maml:name>
<maml:uri /></dev:type>
<dev:defaultValue>None</dev:defaultValue>
</command:parameter>
</command:syntaxItem>
</command:syntax>
<command:parameters><command:parameter required="false" variableLength="true" globbing="false" pipelineInput="True (ByValue)" position="1" aliases="none"><maml:name>Path</maml:name>
<maml:Description><maml:para>Specifies the path to a buildenvironment.json file.
</maml:para>
</maml:Description>
<command:parameterValue required="true" variableLength="false">String</command:parameterValue>
<dev:type><maml:name>String</maml:name>
<maml:uri /></dev:type>
<dev:defaultValue>None</dev:defaultValue>
</command:parameter>
</command:parameters>
<command:inputTypes></command:inputTypes>
<command:returnValues></command:returnValues>
<maml:alertSet><maml:alert><maml:para>
</maml:para>
</maml:alert>
</maml:alertSet>
<command:examples><command:example><maml:title>-------------------------- EXAMPLE 1 --------------------------</maml:title>
<dev:code>TBD</dev:code>
<dev:remarks><maml:para>
</maml:para>
</dev:remarks>
</command:example>
</command:examples>
<command:relatedLinks><maml:navigationLink><maml:linkText>https://github.com/zloeber/ModuleBuild</maml:linkText>
<maml:uri>https://github.com/zloeber/ModuleBuild</maml:uri>
</maml:navigationLink>
</command:relatedLinks>
</command:command>
<command:command xmlns:maml="http://schemas.microsoft.com/maml/2004/10" xmlns:command="http://schemas.microsoft.com/maml/dev/command/2004/10" xmlns:dev="http://schemas.microsoft.com/maml/dev/2004/10" xmlns:MSHelp="http://msdn.microsoft.com/mshelp">
<command:details><command:name>Initialize-ModuleBuild</command:name>
<command:verb>Initialize</command:verb>
<command:noun>ModuleBuild</command:noun>
<maml:description><maml:para>Set up the framework for a ModuleBuild project.
</maml:para>
</maml:description>
</command:details>
<maml:description><maml:para>Set up the framework for a ModuleBuild project.
</maml:para>
</maml:description>
<command:syntax><command:syntaxItem><maml:name>Initialize-ModuleBuild</maml:name>
<command:parameter required="false" variableLength="true" globbing="false" pipelineInput="True (ByValue)" position="1" aliases="none"><maml:name>Path</maml:name>
<maml:Description><maml:para>Specifies the path to create the project.
</maml:para>
</maml:Description>
<command:parameterValue required="true" variableLength="false">String</command:parameterValue>
<dev:type><maml:name>String</maml:name>
<maml:uri /></dev:type>
<dev:defaultValue>None</dev:defaultValue>
</command:parameter>
</command:syntaxItem>
</command:syntax>
<command:parameters><command:parameter required="false" variableLength="true" globbing="false" pipelineInput="True (ByValue)" position="1" aliases="none"><maml:name>Path</maml:name>
<maml:Description><maml:para>Specifies the path to create the project.
</maml:para>
</maml:Description>
<command:parameterValue required="true" variableLength="false">String</command:parameterValue>
<dev:type><maml:name>String</maml:name>
<maml:uri /></dev:type>
<dev:defaultValue>None</dev:defaultValue>
</command:parameter>
</command:parameters>
<command:inputTypes></command:inputTypes>
<command:returnValues></command:returnValues>
<maml:alertSet><maml:alert><maml:para>
</maml:para>
</maml:alert>
</maml:alertSet>
<command:examples><command:example><maml:title>-------------------------- EXAMPLE 1 --------------------------</maml:title>
<dev:code>TBD</dev:code>
<dev:remarks><maml:para>
</maml:para>
</dev:remarks>
</command:example>
</command:examples>
<command:relatedLinks><maml:navigationLink><maml:linkText>https://github.com/zloeber/ModuleBuild</maml:linkText>
<maml:uri>https://github.com/zloeber/ModuleBuild</maml:uri>
</maml:navigationLink>
</command:relatedLinks>
</command:command>
<command:command xmlns:maml="http://schemas.microsoft.com/maml/2004/10" xmlns:command="http://schemas.microsoft.com/maml/dev/command/2004/10" xmlns:dev="http://schemas.microsoft.com/maml/dev/2004/10" xmlns:MSHelp="http://msdn.microsoft.com/mshelp">
<command:details><command:name>Set-BuildEnvironment</command:name>
<command:verb>Set</command:verb>
<command:noun>BuildEnvironment</command:noun>
<maml:description><maml:para>Sets a stored setting in a buildenvironment.json file.
</maml:para>
</maml:description>
</command:details>
<maml:description><maml:para>Sets the stored setting in a buildenvironment.json file.
</maml:para>
</maml:description>
<command:syntax><command:syntaxItem><maml:name>Set-BuildEnvironment</maml:name>
<command:parameter required="false" variableLength="true" globbing="false" pipelineInput="True (ByValue)" position="1" aliases="none"><maml:name>Path</maml:name>
<maml:Description><maml:para>Specifies the path to a buildenvironment.json file.
</maml:para>
</maml:Description>
<command:parameterValue required="true" variableLength="false">String</command:parameterValue>
<dev:type><maml:name>String</maml:name>
<maml:uri /></dev:type>
<dev:defaultValue>None</dev:defaultValue>
</command:parameter>
<command:parameter required="false" variableLength="true" globbing="false" pipelineInput="True (ByValue)" position="named" aliases="none"><maml:name>AdditionalModulePaths</maml:name>
<maml:Description><maml:para>Update the setting for AdditionalModulePaths
</maml:para>
</maml:Description>
<command:parameterValue required="true" variableLength="false">Object[]</command:parameterValue>
<dev:type><maml:name>Object[]</maml:name>
<maml:uri /></dev:type>
<dev:defaultValue>None</dev:defaultValue>
</command:parameter>
<command:parameter required="false" variableLength="true" globbing="false" pipelineInput="True (ByValue)" position="named" aliases="none"><maml:name>BaseReleaseFolder</maml:name>
<maml:Description><maml:para>Update the setting for BaseReleaseFolder
</maml:para>
</maml:Description>
<command:parameterValue required="true" variableLength="false">String</command:parameterValue>
<dev:type><maml:name>String</maml:name>
<maml:uri /></dev:type>
<dev:defaultValue>None</dev:defaultValue>
</command:parameter>
<command:parameter required="false" variableLength="true" globbing="false" pipelineInput="True (ByValue)" position="named" aliases="none"><maml:name>BaseSourceFolder</maml:name>
<maml:Description><maml:para>Update the setting for BaseSourceFolder
</maml:para>
</maml:Description>
<command:parameterValue required="true" variableLength="false">String</command:parameterValue>
<dev:type><maml:name>String</maml:name>
<maml:uri /></dev:type>
<dev:defaultValue>None</dev:defaultValue>
</command:parameter>
<command:parameter required="false" variableLength="true" globbing="false" pipelineInput="True (ByValue)" position="named" aliases="none"><maml:name>BuildToolFolder</maml:name>
<maml:Description><maml:para>Update the setting for BuildToolFolder
</maml:para>
</maml:Description>
<command:parameterValue required="true" variableLength="false">String</command:parameterValue>
<dev:type><maml:name>String</maml:name>
<maml:uri /></dev:type>
<dev:defaultValue>None</dev:defaultValue>
</command:parameter>
<command:parameter required="false" variableLength="true" globbing="false" pipelineInput="True (ByValue)" position="named" aliases="none"><maml:name>Encoding</maml:name>
<maml:Description><maml:para>Update the setting for Encoding
</maml:para>
</maml:Description>
<command:parameterValue required="true" variableLength="false">String</command:parameterValue>
<dev:type><maml:name>String</maml:name>
<maml:uri /></dev:type>
<dev:defaultValue>None</dev:defaultValue>
</command:parameter>
<command:parameter required="false" variableLength="true" globbing="false" pipelineInput="True (ByValue)" position="named" aliases="none"><maml:name>FirstRun</maml:name>
<maml:Description><maml:para>Update the setting for FirstRun
</maml:para>
</maml:Description>
<command:parameterValue required="true" variableLength="false">Boolean</command:parameterValue>
<dev:type><maml:name>Boolean</maml:name>
<maml:uri /></dev:type>
<dev:defaultValue>None</dev:defaultValue>
</command:parameter>
<command:parameter required="false" variableLength="true" globbing="false" pipelineInput="True (ByValue)" position="named" aliases="none"><maml:name>ModuleAuthor</maml:name>
<maml:Description><maml:para>Update the setting for ModuleAuthor
</maml:para>
</maml:Description>
<command:parameterValue required="true" variableLength="false">String</command:parameterValue>
<dev:type><maml:name>String</maml:name>
<maml:uri /></dev:type>
<dev:defaultValue>None</dev:defaultValue>
</command:parameter>
<command:parameter required="false" variableLength="true" globbing="false" pipelineInput="True (ByValue)" position="named" aliases="none"><maml:name>ModuleCopyright</maml:name>
<maml:Description><maml:para>Update the setting for ModuleCopyright
</maml:para>
</maml:Description>
<command:parameterValue required="true" variableLength="false">String</command:parameterValue>
<dev:type><maml:name>String</maml:name>
<maml:uri /></dev:type>
<dev:defaultValue>None</dev:defaultValue>
</command:parameter>
<command:parameter required="false" variableLength="true" globbing="false" pipelineInput="True (ByValue)" position="named" aliases="none"><maml:name>ModuleDescription</maml:name>
<maml:Description><maml:para>Update the setting for ModuleDescription
</maml:para>
</maml:Description>
<command:parameterValue required="true" variableLength="false">String</command:parameterValue>
<dev:type><maml:name>String</maml:name>
<maml:uri /></dev:type>
<dev:defaultValue>None</dev:defaultValue>
</command:parameter>
<command:parameter required="false" variableLength="true" globbing="false" pipelineInput="True (ByValue)" position="named" aliases="none"><maml:name>ModuleLicenseURI</maml:name>
<maml:Description><maml:para>Update the setting for ModuleLicenseURI
</maml:para>
</maml:Description>
<command:parameterValue required="true" variableLength="false">String</command:parameterValue>
<dev:type><maml:name>String</maml:name>
<maml:uri /></dev:type>
<dev:defaultValue>None</dev:defaultValue>
</command:parameter>
<command:parameter required="false" variableLength="true" globbing="false" pipelineInput="True (ByValue)" position="named" aliases="none"><maml:name>ModuleTags</maml:name>
<maml:Description><maml:para>Update the setting for ModuleTags
</maml:para>
</maml:Description>
<command:parameterValue required="true" variableLength="false">Object[]</command:parameterValue>
<dev:type><maml:name>Object[]</maml:name>
<maml:uri /></dev:type>
<dev:defaultValue>None</dev:defaultValue>
</command:parameter>
<command:parameter required="false" variableLength="true" globbing="false" pipelineInput="True (ByValue)" position="named" aliases="none"><maml:name>ModuleToBuild</maml:name>
<maml:Description><maml:para>Update the setting for ModuleToBuild
</maml:para>
</maml:Description>
<command:parameterValue required="true" variableLength="false">String</command:parameterValue>
<dev:type><maml:name>String</maml:name>
<maml:uri /></dev:type>
<dev:defaultValue>None</dev:defaultValue>
</command:parameter>
<command:parameter required="false" variableLength="true" globbing="false" pipelineInput="True (ByValue)" position="named" aliases="none"><maml:name>ModuleVersion</maml:name>
<maml:Description><maml:para>Update the setting for ModuleVersion
</maml:para>
</maml:Description>
<command:parameterValue required="true" variableLength="false">String</command:parameterValue>
<dev:type><maml:name>String</maml:name>
<maml:uri /></dev:type>
<dev:defaultValue>None</dev:defaultValue>
</command:parameter>
<command:parameter required="false" variableLength="true" globbing="false" pipelineInput="True (ByValue)" position="named" aliases="none"><maml:name>ModuleWebsite</maml:name>
<maml:Description><maml:para>Update the setting for ModuleWebsite
</maml:para>
</maml:Description>
<command:parameterValue required="true" variableLength="false">String</command:parameterValue>
<dev:type><maml:name>String</maml:name>
<maml:uri /></dev:type>
<dev:defaultValue>None</dev:defaultValue>
</command:parameter>
<command:parameter required="false" variableLength="true" globbing="false" pipelineInput="True (ByValue)" position="named" aliases="none"><maml:name>NugetAPIKey</maml:name>
<maml:Description><maml:para>Update the setting for NugetAPIKey
</maml:para>
</maml:Description>
<command:parameterValue required="true" variableLength="false">String</command:parameterValue>
<dev:type><maml:name>String</maml:name>
<maml:uri /></dev:type>
<dev:defaultValue>None</dev:defaultValue>
</command:parameter>
<command:parameter required="false" variableLength="true" globbing="false" pipelineInput="True (ByValue)" position="named" aliases="none"><maml:name>OptionAnalyzeCode</maml:name>
<maml:Description><maml:para>Update the setting for OptionAnalyzeCode
</maml:para>
</maml:Description>
<command:parameterValue required="true" variableLength="false">Boolean</command:parameterValue>
<dev:type><maml:name>Boolean</maml:name>
<maml:uri /></dev:type>
<dev:defaultValue>None</dev:defaultValue>
</command:parameter>
<command:parameter required="false" variableLength="true" globbing="false" pipelineInput="True (ByValue)" position="named" aliases="none"><maml:name>OptionCombineFiles</maml:name>
<maml:Description><maml:para>Update the setting for OptionCombineFiles
</maml:para>
</maml:Description>
<command:parameterValue required="true" variableLength="false">Boolean</command:parameterValue>
<dev:type><maml:name>Boolean</maml:name>
<maml:uri /></dev:type>
<dev:defaultValue>None</dev:defaultValue>
</command:parameter>
<command:parameter required="false" variableLength="true" globbing="false" pipelineInput="True (ByValue)" position="named" aliases="none"><maml:name>OptionGenerateReadTheDocs</maml:name>
<maml:Description><maml:para>Update the setting for OptionGenerateReadTheDocs
</maml:para>
</maml:Description>
<command:parameterValue required="true" variableLength="false">Boolean</command:parameterValue>
<dev:type><maml:name>Boolean</maml:name>
<maml:uri /></dev:type>
<dev:defaultValue>None</dev:defaultValue>
</command:parameter>
<command:parameter required="false" variableLength="true" globbing="false" pipelineInput="True (ByValue)" position="named" aliases="none"><maml:name>OptionRunPlatyPSVerbose</maml:name>
<maml:Description><maml:para>Update the setting for OptionRunPlatyPSVerbose
</maml:para>
</maml:Description>
<command:parameterValue required="true" variableLength="false">Boolean</command:parameterValue>
<dev:type><maml:name>Boolean</maml:name>
<maml:uri /></dev:type>
<dev:defaultValue>None</dev:defaultValue>
</command:parameter>
<command:parameter required="false" variableLength="true" globbing="false" pipelineInput="True (ByValue)" position="named" aliases="none"><maml:name>OptionSanitizeSensitiveTerms</maml:name>
<maml:Description><maml:para>Update the setting for OptionSanitizeSensitiveTerms
</maml:para>
</maml:Description>
<command:parameterValue required="true" variableLength="false">Boolean</command:parameterValue>
<dev:type><maml:name>Boolean</maml:name>
<maml:uri /></dev:type>
<dev:defaultValue>None</dev:defaultValue>
</command:parameter>
<command:parameter required="false" variableLength="true" globbing="false" pipelineInput="True (ByValue)" position="named" aliases="none"><maml:name>OptionSensitiveTerms</maml:name>
<maml:Description><maml:para>Update the setting for OptionSensitiveTerms
</maml:para>
</maml:Description>
<command:parameterValue required="true" variableLength="false">Object[]</command:parameterValue>
<dev:type><maml:name>Object[]</maml:name>
<maml:uri /></dev:type>
<dev:defaultValue>None</dev:defaultValue>
</command:parameter>
<command:parameter required="false" variableLength="true" globbing="false" pipelineInput="True (ByValue)" position="named" aliases="none"><maml:name>OptionSensitiveTermsInitialized</maml:name>
<maml:Description><maml:para>Update the setting for OptionSensitiveTermsInitialized
</maml:para>
</maml:Description>
<command:parameterValue required="true" variableLength="false">Boolean</command:parameterValue>
<dev:type><maml:name>Boolean</maml:name>
<maml:uri /></dev:type>
<dev:defaultValue>None</dev:defaultValue>
</command:parameter>
<command:parameter required="false" variableLength="true" globbing="false" pipelineInput="True (ByValue)" position="named" aliases="none"><maml:name>OptionTranscriptEnabled</maml:name>
<maml:Description><maml:para>Update the setting for OptionTranscriptEnabled
</maml:para>
</maml:Description>
<command:parameterValue required="true" variableLength="false">Boolean</command:parameterValue>
<dev:type><maml:name>Boolean</maml:name>
<maml:uri /></dev:type>
<dev:defaultValue>None</dev:defaultValue>
</command:parameter>
<command:parameter required="false" variableLength="true" globbing="false" pipelineInput="True (ByValue)" position="named" aliases="none"><maml:name>OptionTranscriptLogFile</maml:name>
<maml:Description><maml:para>Update the setting for OptionTranscriptLogFile
</maml:para>
</maml:Description>
<command:parameterValue required="true" variableLength="false">String</command:parameterValue>
<dev:type><maml:name>String</maml:name>
<maml:uri /></dev:type>
<dev:defaultValue>None</dev:defaultValue>
</command:parameter>
<command:parameter required="false" variableLength="true" globbing="false" pipelineInput="True (ByValue)" position="named" aliases="none"><maml:name>OtherModuleSource</maml:name>
<maml:Description><maml:para>Update the setting for OtherModuleSource
</maml:para>
</maml:Description>
<command:parameterValue required="true" variableLength="false">String</command:parameterValue>
<dev:type><maml:name>String</maml:name>
<maml:uri /></dev:type>
<dev:defaultValue>None</dev:defaultValue>
</command:parameter>
<command:parameter required="false" variableLength="true" globbing="false" pipelineInput="True (ByValue)" position="named" aliases="none"><maml:name>PrivateFunctionSource</maml:name>
<maml:Description><maml:para>Update the setting for PrivateFunctionSource
</maml:para>
</maml:Description>
<command:parameterValue required="true" variableLength="false">String</command:parameterValue>
<dev:type><maml:name>String</maml:name>
<maml:uri /></dev:type>
<dev:defaultValue>None</dev:defaultValue>
</command:parameter>
<command:parameter required="false" variableLength="true" globbing="false" pipelineInput="True (ByValue)" position="named" aliases="none"><maml:name>PublicFunctionSource</maml:name>
<maml:Description><maml:para>Update the setting for PublicFunctionSource
</maml:para>
</maml:Description>
<command:parameterValue required="true" variableLength="false">String</command:parameterValue>
<dev:type><maml:name>String</maml:name>
<maml:uri /></dev:type>
<dev:defaultValue>None</dev:defaultValue>
</command:parameter>
<command:parameter required="false" variableLength="true" globbing="false" pipelineInput="True (ByValue)" position="named" aliases="none"><maml:name>ScratchFolder</maml:name>
<maml:Description><maml:para>Update the setting for ScratchFolder
</maml:para>
</maml:Description>
<command:parameterValue required="true" variableLength="false">String</command:parameterValue>
<dev:type><maml:name>String</maml:name>
<maml:uri /></dev:type>
<dev:defaultValue>None</dev:defaultValue>
</command:parameter>
</command:syntaxItem>
</command:syntax>
<command:parameters><command:parameter required="false" variableLength="true" globbing="false" pipelineInput="True (ByValue)" position="1" aliases="none"><maml:name>Path</maml:name>
<maml:Description><maml:para>Specifies the path to a buildenvironment.json file.
</maml:para>
</maml:Description>
<command:parameterValue required="true" variableLength="false">String</command:parameterValue>
<dev:type><maml:name>String</maml:name>
<maml:uri /></dev:type>
<dev:defaultValue>None</dev:defaultValue>
</command:parameter>
<command:parameter required="false" variableLength="true" globbing="false" pipelineInput="True (ByValue)" position="named" aliases="none"><maml:name>AdditionalModulePaths</maml:name>
<maml:Description><maml:para>Update the setting for AdditionalModulePaths
</maml:para>
</maml:Description>
<command:parameterValue required="true" variableLength="false">Object[]</command:parameterValue>
<dev:type><maml:name>Object[]</maml:name>
<maml:uri /></dev:type>
<dev:defaultValue>None</dev:defaultValue>
</command:parameter>
<command:parameter required="false" variableLength="true" globbing="false" pipelineInput="True (ByValue)" position="named" aliases="none"><maml:name>BaseReleaseFolder</maml:name>
<maml:Description><maml:para>Update the setting for BaseReleaseFolder
</maml:para>
</maml:Description>
<command:parameterValue required="true" variableLength="false">String</command:parameterValue>
<dev:type><maml:name>String</maml:name>
<maml:uri /></dev:type>
<dev:defaultValue>None</dev:defaultValue>
</command:parameter>
<command:parameter required="false" variableLength="true" globbing="false" pipelineInput="True (ByValue)" position="named" aliases="none"><maml:name>BaseSourceFolder</maml:name>
<maml:Description><maml:para>Update the setting for BaseSourceFolder
</maml:para>
</maml:Description>
<command:parameterValue required="true" variableLength="false">String</command:parameterValue>
<dev:type><maml:name>String</maml:name>
<maml:uri /></dev:type>
<dev:defaultValue>None</dev:defaultValue>
</command:parameter>
<command:parameter required="false" variableLength="true" globbing="false" pipelineInput="True (ByValue)" position="named" aliases="none"><maml:name>BuildToolFolder</maml:name>
<maml:Description><maml:para>Update the setting for BuildToolFolder
</maml:para>
</maml:Description>
<command:parameterValue required="true" variableLength="false">String</command:parameterValue>
<dev:type><maml:name>String</maml:name>
<maml:uri /></dev:type>
<dev:defaultValue>None</dev:defaultValue>
</command:parameter>
<command:parameter required="false" variableLength="true" globbing="false" pipelineInput="True (ByValue)" position="named" aliases="none"><maml:name>Encoding</maml:name>
<maml:Description><maml:para>Update the setting for Encoding
</maml:para>
</maml:Description>
<command:parameterValue required="true" variableLength="false">String</command:parameterValue>
<dev:type><maml:name>String</maml:name>
<maml:uri /></dev:type>
<dev:defaultValue>None</dev:defaultValue>
</command:parameter>
<command:parameter required="false" variableLength="true" globbing="false" pipelineInput="True (ByValue)" position="named" aliases="none"><maml:name>FirstRun</maml:name>
<maml:Description><maml:para>Update the setting for FirstRun
</maml:para>
</maml:Description>
<command:parameterValue required="true" variableLength="false">Boolean</command:parameterValue>
<dev:type><maml:name>Boolean</maml:name>
<maml:uri /></dev:type>
<dev:defaultValue>None</dev:defaultValue>
</command:parameter>
<command:parameter required="false" variableLength="true" globbing="false" pipelineInput="True (ByValue)" position="named" aliases="none"><maml:name>ModuleAuthor</maml:name>
<maml:Description><maml:para>Update the setting for ModuleAuthor
</maml:para>
</maml:Description>
<command:parameterValue required="true" variableLength="false">String</command:parameterValue>
<dev:type><maml:name>String</maml:name>
<maml:uri /></dev:type>
<dev:defaultValue>None</dev:defaultValue>
</command:parameter>
<command:parameter required="false" variableLength="true" globbing="false" pipelineInput="True (ByValue)" position="named" aliases="none"><maml:name>ModuleCopyright</maml:name>
<maml:Description><maml:para>Update the setting for ModuleCopyright
</maml:para>
</maml:Description>
<command:parameterValue required="true" variableLength="false">String</command:parameterValue>
<dev:type><maml:name>String</maml:name>
<maml:uri /></dev:type>
<dev:defaultValue>None</dev:defaultValue>
</command:parameter>
<command:parameter required="false" variableLength="true" globbing="false" pipelineInput="True (ByValue)" position="named" aliases="none"><maml:name>ModuleDescription</maml:name>
<maml:Description><maml:para>Update the setting for ModuleDescription
</maml:para>
</maml:Description>
<command:parameterValue required="true" variableLength="false">String</command:parameterValue>
<dev:type><maml:name>String</maml:name>
<maml:uri /></dev:type>
<dev:defaultValue>None</dev:defaultValue>
</command:parameter>
<command:parameter required="false" variableLength="true" globbing="false" pipelineInput="True (ByValue)" position="named" aliases="none"><maml:name>ModuleLicenseURI</maml:name>
<maml:Description><maml:para>Update the setting for ModuleLicenseURI
</maml:para>
</maml:Description>
<command:parameterValue required="true" variableLength="false">String</command:parameterValue>
<dev:type><maml:name>String</maml:name>
<maml:uri /></dev:type>
<dev:defaultValue>None</dev:defaultValue>
</command:parameter>
<command:parameter required="false" variableLength="true" globbing="false" pipelineInput="True (ByValue)" position="named" aliases="none"><maml:name>ModuleTags</maml:name>
<maml:Description><maml:para>Update the setting for ModuleTags
</maml:para>
</maml:Description>
<command:parameterValue required="true" variableLength="false">Object[]</command:parameterValue>
<dev:type><maml:name>Object[]</maml:name>
<maml:uri /></dev:type>
<dev:defaultValue>None</dev:defaultValue>
</command:parameter>
<command:parameter required="false" variableLength="true" globbing="false" pipelineInput="True (ByValue)" position="named" aliases="none"><maml:name>ModuleToBuild</maml:name>
<maml:Description><maml:para>Update the setting for ModuleToBuild
</maml:para>
</maml:Description>
<command:parameterValue required="true" variableLength="false">String</command:parameterValue>
<dev:type><maml:name>String</maml:name>
<maml:uri /></dev:type>
<dev:defaultValue>None</dev:defaultValue>
</command:parameter>
<command:parameter required="false" variableLength="true" globbing="false" pipelineInput="True (ByValue)" position="named" aliases="none"><maml:name>ModuleVersion</maml:name>
<maml:Description><maml:para>Update the setting for ModuleVersion
</maml:para>
</maml:Description>
<command:parameterValue required="true" variableLength="false">String</command:parameterValue>
<dev:type><maml:name>String</maml:name>
<maml:uri /></dev:type>
<dev:defaultValue>None</dev:defaultValue>
</command:parameter>
<command:parameter required="false" variableLength="true" globbing="false" pipelineInput="True (ByValue)" position="named" aliases="none"><maml:name>ModuleWebsite</maml:name>
<maml:Description><maml:para>Update the setting for ModuleWebsite
</maml:para>
</maml:Description>
<command:parameterValue required="true" variableLength="false">String</command:parameterValue>
<dev:type><maml:name>String</maml:name>
<maml:uri /></dev:type>
<dev:defaultValue>None</dev:defaultValue>
</command:parameter>
<command:parameter required="false" variableLength="true" globbing="false" pipelineInput="True (ByValue)" position="named" aliases="none"><maml:name>NugetAPIKey</maml:name>
<maml:Description><maml:para>Update the setting for NugetAPIKey
</maml:para>
</maml:Description>
<command:parameterValue required="true" variableLength="false">String</command:parameterValue>
<dev:type><maml:name>String</maml:name>
<maml:uri /></dev:type>
<dev:defaultValue>None</dev:defaultValue>
</command:parameter>
<command:parameter required="false" variableLength="true" globbing="false" pipelineInput="True (ByValue)" position="named" aliases="none"><maml:name>OptionAnalyzeCode</maml:name>
<maml:Description><maml:para>Update the setting for OptionAnalyzeCode
</maml:para>
</maml:Description>
<command:parameterValue required="true" variableLength="false">Boolean</command:parameterValue>
<dev:type><maml:name>Boolean</maml:name>
<maml:uri /></dev:type>
<dev:defaultValue>None</dev:defaultValue>
</command:parameter>
<command:parameter required="false" variableLength="true" globbing="false" pipelineInput="True (ByValue)" position="named" aliases="none"><maml:name>OptionCombineFiles</maml:name>
<maml:Description><maml:para>Update the setting for OptionCombineFiles
</maml:para>
</maml:Description>
<command:parameterValue required="true" variableLength="false">Boolean</command:parameterValue>
<dev:type><maml:name>Boolean</maml:name>
<maml:uri /></dev:type>
<dev:defaultValue>None</dev:defaultValue>
</command:parameter>
<command:parameter required="false" variableLength="true" globbing="false" pipelineInput="True (ByValue)" position="named" aliases="none"><maml:name>OptionGenerateReadTheDocs</maml:name>
<maml:Description><maml:para>Update the setting for OptionGenerateReadTheDocs
</maml:para>
</maml:Description>
<command:parameterValue required="true" variableLength="false">Boolean</command:parameterValue>
<dev:type><maml:name>Boolean</maml:name>
<maml:uri /></dev:type>
<dev:defaultValue>None</dev:defaultValue>
</command:parameter>
<command:parameter required="false" variableLength="true" globbing="false" pipelineInput="True (ByValue)" position="named" aliases="none"><maml:name>OptionRunPlatyPSVerbose</maml:name>
<maml:Description><maml:para>Update the setting for OptionRunPlatyPSVerbose
</maml:para>
</maml:Description>
<command:parameterValue required="true" variableLength="false">Boolean</command:parameterValue>
<dev:type><maml:name>Boolean</maml:name>
<maml:uri /></dev:type>
<dev:defaultValue>None</dev:defaultValue>
</command:parameter>
<command:parameter required="false" variableLength="true" globbing="false" pipelineInput="True (ByValue)" position="named" aliases="none"><maml:name>OptionSanitizeSensitiveTerms</maml:name>
<maml:Description><maml:para>Update the setting for OptionSanitizeSensitiveTerms
</maml:para>
</maml:Description>
<command:parameterValue required="true" variableLength="false">Boolean</command:parameterValue>
<dev:type><maml:name>Boolean</maml:name>
<maml:uri /></dev:type>
<dev:defaultValue>None</dev:defaultValue>
</command:parameter>
<command:parameter required="false" variableLength="true" globbing="false" pipelineInput="True (ByValue)" position="named" aliases="none"><maml:name>OptionSensitiveTerms</maml:name>
<maml:Description><maml:para>Update the setting for OptionSensitiveTerms
</maml:para>
</maml:Description>
<command:parameterValue required="true" variableLength="false">Object[]</command:parameterValue>
<dev:type><maml:name>Object[]</maml:name>
<maml:uri /></dev:type>
<dev:defaultValue>None</dev:defaultValue>
</command:parameter>
<command:parameter required="false" variableLength="true" globbing="false" pipelineInput="True (ByValue)" position="named" aliases="none"><maml:name>OptionSensitiveTermsInitialized</maml:name>
<maml:Description><maml:para>Update the setting for OptionSensitiveTermsInitialized
</maml:para>
</maml:Description>
<command:parameterValue required="true" variableLength="false">Boolean</command:parameterValue>
<dev:type><maml:name>Boolean</maml:name>
<maml:uri /></dev:type>
<dev:defaultValue>None</dev:defaultValue>
</command:parameter>
<command:parameter required="false" variableLength="true" globbing="false" pipelineInput="True (ByValue)" position="named" aliases="none"><maml:name>OptionTranscriptEnabled</maml:name>
<maml:Description><maml:para>Update the setting for OptionTranscriptEnabled
</maml:para>
</maml:Description>
<command:parameterValue required="true" variableLength="false">Boolean</command:parameterValue>
<dev:type><maml:name>Boolean</maml:name>
<maml:uri /></dev:type>
<dev:defaultValue>None</dev:defaultValue>
</command:parameter>
<command:parameter required="false" variableLength="true" globbing="false" pipelineInput="True (ByValue)" position="named" aliases="none"><maml:name>OptionTranscriptLogFile</maml:name>
<maml:Description><maml:para>Update the setting for OptionTranscriptLogFile
</maml:para>
</maml:Description>
<command:parameterValue required="true" variableLength="false">String</command:parameterValue>
<dev:type><maml:name>String</maml:name>
<maml:uri /></dev:type>
<dev:defaultValue>None</dev:defaultValue>
</command:parameter>
<command:parameter required="false" variableLength="true" globbing="false" pipelineInput="True (ByValue)" position="named" aliases="none"><maml:name>OtherModuleSource</maml:name>
<maml:Description><maml:para>Update the setting for OtherModuleSource
</maml:para>
</maml:Description>
<command:parameterValue required="true" variableLength="false">String</command:parameterValue>
<dev:type><maml:name>String</maml:name>
<maml:uri /></dev:type>
<dev:defaultValue>None</dev:defaultValue>
</command:parameter>
<command:parameter required="false" variableLength="true" globbing="false" pipelineInput="True (ByValue)" position="named" aliases="none"><maml:name>PrivateFunctionSource</maml:name>
<maml:Description><maml:para>Update the setting for PrivateFunctionSource
</maml:para>
</maml:Description>
<command:parameterValue required="true" variableLength="false">String</command:parameterValue>
<dev:type><maml:name>String</maml:name>
<maml:uri /></dev:type>
<dev:defaultValue>None</dev:defaultValue>
</command:parameter>
<command:parameter required="false" variableLength="true" globbing="false" pipelineInput="True (ByValue)" position="named" aliases="none"><maml:name>PublicFunctionSource</maml:name>
<maml:Description><maml:para>Update the setting for PublicFunctionSource
</maml:para>
</maml:Description>
<command:parameterValue required="true" variableLength="false">String</command:parameterValue>
<dev:type><maml:name>String</maml:name>
<maml:uri /></dev:type>
<dev:defaultValue>None</dev:defaultValue>
</command:parameter>
<command:parameter required="false" variableLength="true" globbing="false" pipelineInput="True (ByValue)" position="named" aliases="none"><maml:name>ScratchFolder</maml:name>
<maml:Description><maml:para>Update the setting for ScratchFolder
</maml:para>
</maml:Description>
<command:parameterValue required="true" variableLength="false">String</command:parameterValue>
<dev:type><maml:name>String</maml:name>
<maml:uri /></dev:type>
<dev:defaultValue>None</dev:defaultValue>
</command:parameter>
</command:parameters>
<command:inputTypes></command:inputTypes>
<command:returnValues></command:returnValues>
<maml:alertSet><maml:alert><maml:para>
</maml:para>
</maml:alert>
</maml:alertSet>
<command:examples><command:example><maml:title>-------------------------- EXAMPLE 1 --------------------------</maml:title>
<dev:code>Set-BuildEnvironment -OptionSensitiveTerms @('myapikey','myname','password')</dev:code>
<dev:remarks><maml:para>
</maml:para>
</dev:remarks>
</command:example>
</command:examples>
<command:relatedLinks><maml:navigationLink><maml:linkText>https://github.com/zloeber/ModuleBuild</maml:linkText>
<maml:uri>https://github.com/zloeber/ModuleBuild</maml:uri>
</maml:navigationLink>
</command:relatedLinks>
</command:command>
</helpItems>
