{
    "version": "0.2.0",
    "configurations": [
        {
            "type": "PowerShell",
            "request": "launch",
            "name": "PowerShell Launch (current file)",
            "program": "${file}",
            "args": [],
            "cwd": "${file}"
        },
        {
            "type": "PowerShell",
            "request": "attach",
            "name": "PowerShell Attach to Host Process",
            "processId": "${command:PickPSHostProcess}",
            "runspaceId": 1
        }
    ]
}
