﻿<?xml version="1.0" encoding="utf-8"?>
<plasterManifest
  schemaVersion="1.1"
  templateType="Project" xmlns="http://www.microsoft.com/schemas/PowerShell/Plaster/v1">
  <metadata>
    <name>ModuleBuild</name>
    <id>8c5a2cfe-66d0-4215-8b68-fffa411d3ab3</id>
    <version>0.0.1</version>
    <title>New ModuleBuild Project</title>
    <description>Create a new PowerShell Module with a ModuleBuild wrapper</description>
    <author>Zachary Loeber</author>
    <tags>Module, ModuleManifest, ModuleBuild</tags>
  </metadata>
  <parameters>
    <parameter
      name="ModuleName"
      type="text"
      prompt="Enter the name of the module. No space, underscores, or special characters are allowed" />
    <parameter
      name="ModuleDescription"
      type="text"
      prompt="Enter a description of your module" />
    <parameter
      name="ModuleAuthor"
      type="text"
      prompt="Enter a module author" />
    <parameter
      name="ModuleCompanyName"
      type="text"
      prompt="Enter a module company name" />
    <parameter
      name="ModuleWebsite"
      type="text"
      prompt="Enter a project website (ie. https://www.github.com/&lt;author&gt;/&lt;modulename&gt;)" />
    <parameter
      name="ModuleVersion"
      type="text"
      prompt="Enter the version number of the module"
      default="0.0.1" />
    <parameter
      name="ModuleTags"
      type="text"
      prompt="Comma separate list of tags that describe this module. This is required for the PowerShell Gallery" />
    <parameter
      name="ProjectLicense"
      type="choice"
      prompt="What license would you like for this module to have?"
      default="0">
      <choice
        label="&amp;Creative Commons"
        help="This license lets others distribute, remix, tweak, and build upon your work, even commercially, as long as they credit you for the original creation."
        value="CreativeCommons" />
      <choice
        label="&amp;MIT"
        help="A short, permissive software license. Basically, you can do whatever you want as long as you include the original copyright and license notice in any copy of the software/source."
        value="MIT" />
      <choice
        label="&amp;Apache 2.0"
        help="You can do what you like with the software, as long as you include the required notices. This permissive license contains a patent license from the contributors of the code."
        value="Apache" />
      <choice
        label="&amp;GPL 3.0"
        help="You may copy, distribute and modify the software as long as you track changes/dates in source files. Any modifications to or software including (via compiler) GPL-licensed code must also be made available under the GPL along with build &amp; install instructions."
        value="GPL" />
    </parameter>
    <parameter
      name="CICD"
      type="choice"
      prompt="What CI/CD do you want to use?"
      default="0">
      <choice
        label="&amp;None"
        help="No CI/CD."
        value="None" />
      <choice
        label="&amp;AppVeyor"
        help="CI/CD service for Windows, Linux and macOS. Build, test, deploy your apps faster, on any platform"
        value="appveyor" />
    </parameter>
    <parameter
      name="OptionAnalyzeCode"
      type="choice"
      prompt="Use PSScriptAnalyzer in the module build process (Recommended for Gallery uploading)?"
      default="0">
      <choice
        label="&amp;Yes"
        help="Enable script analysis"
        value="True" />
      <choice
        label="&amp;No"
        help="Disable script analysis"
        value="False" />
    </parameter>
    <parameter
      name="OptionCodeHealthReport"
      type="choice"
      prompt="Use PSCodeHealth to generate public and private function code health reports. (This can slow down the build process.)"
      default="0">
      <choice
        label="&amp;Yes"
        help="Enable code health reporting"
        value="True" />
      <choice
        label="&amp;No"
        help="Disable code health reporting"
        value="False" />
    </parameter>
    <parameter
      name="OptionUpdateVersionAfterPublishing"
      type="choice"
      prompt="Automatically increase the module patch version after publishing to the gallary?"
      default="0">
      <choice
        label="&amp;Yes"
        help="Increase the patch version after a successful publish to the gallery"
        value="True" />
      <choice
        label="&amp;No"
        help="Do not increase the patch version after a successful gallery publish"
        value="False" />
    </parameter>
    <parameter
      name="OptionSanitizeSensitiveTerms"
      type="choice"
      prompt="Scan for sensitive terms (like your user id or company domain) in the module build process (Recommended for Gallery uploading)?"
      default="1">
      <choice
        label="&amp;Yes"
        help="Sanitize sensitive terms"
        value="True" />
      <choice
        label="&amp;No"
        help="Do not sanitize sensitive terms"
        value="False" />
    </parameter>
    <parameter
      name="OptionGenerateReadTheDocs"
      type="choice"
      prompt="Generate YML file in build process for ReadTheDocs.org integration?"
      default="1">
      <choice
        label="&amp;Yes"
        help="The YML file will get regenerated at every build. This file gets saved in the root folder of your project."
        value="True" />
      <choice
        label="&amp;No"
        help="No YML file will be generated."
        value="False" />
    </parameter>
    <parameter
      name="PluginModuleLogging"
      type="choice"
      prompt="Plugin - Include NLog logging capabilities in the module?"
      default="1">
      <choice
        label="&amp;Yes"
        help="The project will include nlog binaries and transparent logging capabilities."
        value="True" />
      <choice
        label="&amp;No"
        help="The project will NOT include nlog binaries and transparent logging capabilities."
        value="False" />
    </parameter>
  </parameters>
  <content>
    <newModuleManifest
      description="${PLASTER_PARAM_ModuleDescription}"
      copyright="(c) ${PLASTER_Year} ${PLASTER_PARAM_ModuleCompanyName}. All rights reserved."
      tags="${PLASTER_PARAM_ModuleTags}"
      companyName="${PLASTER_PARAM_ModuleCompanyName}"
      author="${PLASTER_PARAM_ModuleAuthor}"
      licenseUri="${PLASTER_PARAM_ModuleWebsite}/raw/master/LICENSE.md"
      projectUri="${PLASTER_PARAM_ModuleWebsite}"
      rootModule="${PLASTER_PARAM_ModuleName}.psm1"
      variablesToExport=""
      aliasesToExport=""
      iconUri="${PLASTER_PARAM_ModuleWebsite}/raw/master/src/other/powershell-project.png"
      functionsToExport="*"
      moduleVersion="${PLASTER_PARAM_ModuleVersion}"
      encoding="UTF8-NoBOM"
      destination="${PLASTER_PARAM_ModuleName}.psd1" />
    <templateFile
      source="scaffold\gitignore"
      destination=".gitignore" />
    <file
      source="scaffold\gitattributes"
      destination=".gitattributes" />
    <templateFile
      source="scaffold\vscode\*"
      destination=".vscode" />
    <templateFile
      source="scaffold\github\*"
      destination=".github" />
    <file
      source="scaffold\src\other\*"
      destination="src\other" />
    <file
      source="scaffold\src\private\*"
      destination="src\private" />
    <file
      source="scaffold\src\public\*"
      destination="src\public" />
    <file
      source="scaffold\src\templates\*"
      destination="src\templates" />
    <file
      source="scaffold\tests\"
      destination="tests" />
    <file
      source="scaffold\tests\intergration"
      destination="tests\intergration" />
    <file
      source="scaffold\tests\unit"
      destination="tests\unit" />
    <file
      source="scaffold\tests\intergration\private\*"
      destination="tests\intergration\private" />
    <file
      source="scaffold\tests\intergration\public\*"
      destination="tests\intergration\public" />
    <file
      source="scaffold\tests\unit\private\*"
      destination="tests\unit\private" />
    <file
      source="scaffold\tests\unit\public\*"
      destination="tests\unit\public" />
    <templateFile
      source="scaffold\plugins\NLog\*"
      destination="plugins\nlog"
      condition="$PLASTER_PARAM_PluginModuleLogging -eq &quot;True&quot;" />
    <file
      source="scaffold\plugins\NLog\NLogModule\*"
      destination="plugins\nlog\NLogModule"
      condition="$PLASTER_PARAM_PluginModuleLogging -eq &quot;True&quot;" />
    <file
      source="scaffold\plugins\NLog\NLogModule\docs\*"
      destination="plugins\nlog\NLogModule\docs"
      condition="$PLASTER_PARAM_PluginModuleLogging -eq &quot;True&quot;" />
    <file
      source="scaffold\plugins\NLog\NLogModule\en-US\*"
      destination="plugins\nlog\NLogModule\en-US"
      condition="$PLASTER_PARAM_PluginModuleLogging -eq &quot;True&quot;" />
    <file
      source="scaffold\plugins\NLog\NLogModule\lib\*"
      destination="plugins\nlog\NLogModule\lib"
      condition="$PLASTER_PARAM_PluginModuleLogging -eq &quot;True&quot;" />
    <file
      source="scaffold\build\cleanup\*"
      destination="build\cleanup" />
    <file
      source="scaffold\build\startup\*"
      destination="build\startup" />
    <file
      source="scaffold\build\dotsource\*"
      destination="build\dotsource" />
    <file
      source="scaffold\build\PSDepend\*"
      destination="build\PSDepend" />
    <file
      source="scaffold\build\tools\*"
      destination="build\tools" />
    <templateFile
      source="scaffold\licenses\CreativeCommons.md"
      destination="LICENSE.md"
      condition="$PLASTER_PARAM_ProjectLicense -eq &quot;CreativeCommons&quot;" />
    <templateFile
      source="scaffold\licenses\MIT.md"
      destination="LICENSE.md"
      condition="$PLASTER_PARAM_ProjectLicense -eq &quot;MIT&quot;" />
    <templateFile
      source="scaffold\licenses\Apache.md"
      destination="LICENSE.md"
      condition="$PLASTER_PARAM_ProjectLicense -eq &quot;Apache&quot;" />
    <templateFile
      source="scaffold\licenses\GPL.md"
      destination="LICENSE.md"
      condition="$PLASTER_PARAM_ProjectLicense -eq &quot;GPL&quot;" />
    <templateFile
      source="scaffold\ModuleName.template"
      destination="${PLASTER_PARAM_ModuleName}.psm1" />
    <templateFile
      source="scaffold\modulename.build.template"
      destination="${PLASTER_PARAM_ModuleName}.build.ps1" />
    <templateFile
      source="scaffold\build\modulename.buildenvironment.template"
      destination="build\${PLASTER_PARAM_ModuleName}.buildenvironment.ps1" />
    <templateFile
      source="scaffold\readme.md"
      destination="Readme.md" />
    <templateFile
      source="scaffold\Build.template"
      destination="Build.ps1" />
    <templateFile
      source="scaffold\Install.template"
      destination="Install.ps1" />
    <templateFile
      source="scaffold\build\docs\*"
      destination="build\docs" />
    <templateFile
      source="scaffold\build\docs\en-US\about_ModuleName.help.txt"
      destination="build\docs\en-US\about_${PLASTER_PARAM_ModuleName}.help.txt" />
    <templateFile
      source="scaffold\build\docs\Additional\*"
      destination="build\docs\Additional" />
    <templateFile
      source="scaffold\build\docs\Additional\*"
      destination="docs" />
    <templateFile
      source="scaffold\build\docs\ReadTheDocs\*"
      destination="build\docs\ReadTheDocs" />
    <file
      source="scaffold\PSScriptAnalyzerSettings.psd1"
      destination="PSScriptAnalyzerSettings.psd1" />
    <file
      source="scaffold\appveyor.yml"
      destination="appveyor.yml"
      condition="$PLASTER_PARAM_CICD -eq &quot;appveyor&quot;" />
    <file
      source="scaffold\Requirements.psd1"
      destination="Requirements.psd1" />
  </content>
</plasterManifest>