﻿<?xml version="1.0" encoding="utf-8"?>
<helpItems xmlns="http://msh" schema="maml">

<command:command xmlns:maml="http://schemas.microsoft.com/maml/2004/10" xmlns:command="http://schemas.microsoft.com/maml/dev/command/2004/10" xmlns:dev="http://schemas.microsoft.com/maml/dev/2004/10" xmlns:MSHelp="http://msdn.microsoft.com/mshelp">
<command:details><command:name>Get-BuildEnvironment</command:name>
<command:verb>Get</command:verb>
<command:noun>BuildEnvironment</command:noun>
<maml:description><maml:para>Retrieves all the stored settings in a buildenvironment.json file.
</maml:para>
</maml:description>
</command:details>
<maml:description><maml:para>Retrieves all the stored settings in a buildenvironment.json file.
</maml:para>
</maml:description>
<command:syntax><command:syntaxItem><maml:name>Get-BuildEnvironment</maml:name>
<command:parameter required="false" variableLength="true" globbing="false" pipelineInput="True (ByValue)" position="1" aliases="none"><maml:name>Path</maml:name>
<maml:Description><maml:para>Specifies the path to a buildenvironment.json file.
</maml:para>
</maml:Description>
<command:parameterValue required="true" variableLength="false">String</command:parameterValue>
<dev:type><maml:name>String</maml:name>
<maml:uri /></dev:type>
<dev:defaultValue>None</dev:defaultValue>
</command:parameter>
</command:syntaxItem>
</command:syntax>
<command:parameters><command:parameter required="false" variableLength="true" globbing="false" pipelineInput="True (ByValue)" position="1" aliases="none"><maml:name>Path</maml:name>
<maml:Description><maml:para>Specifies the path to a buildenvironment.json file.
</maml:para>
</maml:Description>
<command:parameterValue required="true" variableLength="false">String</command:parameterValue>
<dev:type><maml:name>String</maml:name>
<maml:uri /></dev:type>
<dev:defaultValue>None</dev:defaultValue>
</command:parameter>
</command:parameters>
<command:inputTypes></command:inputTypes>
<command:returnValues></command:returnValues>
<maml:alertSet><maml:alert><maml:para>
</maml:para>
</maml:alert>
</maml:alertSet>
<command:examples><command:example><maml:title>-------------------------- EXAMPLE 1 --------------------------</maml:title>
<dev:code>TBD</dev:code>
<dev:remarks><maml:para>
</maml:para>
</dev:remarks>
</command:example>
</command:examples>
<command:relatedLinks><maml:navigationLink><maml:linkText>https://github.com/zloeber/ModuleBuild</maml:linkText>
<maml:uri>https://github.com/zloeber/ModuleBuild</maml:uri>
</maml:navigationLink>
</command:relatedLinks>
</command:command>
<command:command xmlns:maml="http://schemas.microsoft.com/maml/2004/10" xmlns:command="http://schemas.microsoft.com/maml/dev/command/2004/10" xmlns:dev="http://schemas.microsoft.com/maml/dev/2004/10" xmlns:MSHelp="http://msdn.microsoft.com/mshelp">
<command:details><command:name>Initialize-ModuleBuild</command:name>
<command:verb>Initialize</command:verb>
<command:noun>ModuleBuild</command:noun>
<maml:description><maml:para>Set up the framework for a ModuleBuild project.
</maml:para>
</maml:description>
</command:details>
<maml:description><maml:para>Set up the framework for a ModuleBuild project.
</maml:para>
</maml:description>
<command:syntax><command:syntaxItem><maml:name>Initialize-ModuleBuild</maml:name>
<command:parameter required="false" variableLength="true" globbing="false" pipelineInput="True (ByValue)" position="1" aliases="none"><maml:name>Path</maml:name>
<maml:Description><maml:para>Specifies the path to create the project.
</maml:para>
</maml:Description>
<command:parameterValue required="true" variableLength="false">String</command:parameterValue>
<dev:type><maml:name>String</maml:name>
<maml:uri /></dev:type>
<dev:defaultValue>None</dev:defaultValue>
</command:parameter>
</command:syntaxItem>
</command:syntax>
<command:parameters><command:parameter required="false" variableLength="true" globbing="false" pipelineInput="True (ByValue)" position="1" aliases="none"><maml:name>Path</maml:name>
<maml:Description><maml:para>Specifies the path to create the project.
</maml:para>
</maml:Description>
<command:parameterValue required="true" variableLength="false">String</command:parameterValue>
<dev:type><maml:name>String</maml:name>
<maml:uri /></dev:type>
<dev:defaultValue>None</dev:defaultValue>
</command:parameter>
</command:parameters>
<command:inputTypes></command:inputTypes>
<command:returnValues></command:returnValues>
<maml:alertSet><maml:alert><maml:para>
</maml:para>
</maml:alert>
</maml:alertSet>
<command:examples><command:example><maml:title>-------------------------- EXAMPLE 1 --------------------------</maml:title>
<dev:code>TBD</dev:code>
<dev:remarks><maml:para>
</maml:para>
</dev:remarks>
</command:example>
</command:examples>
<command:relatedLinks><maml:navigationLink><maml:linkText>https://github.com/zloeber/ModuleBuild</maml:linkText>
<maml:uri>https://github.com/zloeber/ModuleBuild</maml:uri>
</maml:navigationLink>
</command:relatedLinks>
</command:command>
<command:command xmlns:maml="http://schemas.microsoft.com/maml/2004/10" xmlns:command="http://schemas.microsoft.com/maml/dev/command/2004/10" xmlns:dev="http://schemas.microsoft.com/maml/dev/2004/10" xmlns:MSHelp="http://msdn.microsoft.com/mshelp">
<command:details><command:name>Set-BuildEnvironment</command:name>
<command:verb>Set</command:verb>
<command:noun>BuildEnvironment</command:noun>
<maml:description><maml:para>Sets a stored setting in a buildenvironment.json file.
</maml:para>
</maml:description>
</command:details>
<maml:description><maml:para>Sets the stored setting in a buildenvironment.json file.
</maml:para>
</maml:description>
<command:syntax><command:syntaxItem><maml:name>Set-BuildEnvironment</maml:name>
<command:parameter required="false" variableLength="true" globbing="false" pipelineInput="True (ByValue)" position="1" aliases="none"><maml:name>Path</maml:name>
<maml:Description><maml:para>Specifies the path to a buildenvironment.json file.
</maml:para>
</maml:Description>
<command:parameterValue required="true" variableLength="false">String</command:parameterValue>
<dev:type><maml:name>String</maml:name>
<maml:uri /></dev:type>
<dev:defaultValue>None</dev:defaultValue>
</command:parameter>
</command:syntaxItem>
</command:syntax>
<command:parameters><command:parameter required="false" variableLength="true" globbing="false" pipelineInput="True (ByValue)" position="1" aliases="none"><maml:name>Path</maml:name>
<maml:Description><maml:para>Specifies the path to a buildenvironment.json file.
</maml:para>
</maml:Description>
<command:parameterValue required="true" variableLength="false">String</command:parameterValue>
<dev:type><maml:name>String</maml:name>
<maml:uri /></dev:type>
<dev:defaultValue>None</dev:defaultValue>
</command:parameter>
</command:parameters>
<command:inputTypes></command:inputTypes>
<command:returnValues></command:returnValues>
<maml:alertSet><maml:alert><maml:para>
</maml:para>
</maml:alert>
</maml:alertSet>
<command:examples><command:example><maml:title>-------------------------- EXAMPLE 1 --------------------------</maml:title>
<dev:code>TBD</dev:code>
<dev:remarks><maml:para>
</maml:para>
</dev:remarks>
</command:example>
</command:examples>
<command:relatedLinks><maml:navigationLink><maml:linkText>https://github.com/zloeber/ModuleBuild</maml:linkText>
<maml:uri>https://github.com/zloeber/ModuleBuild</maml:uri>
</maml:navigationLink>
</command:relatedLinks>
</command:command>
</helpItems>
